id,filename
0,dwight-fairfield.png
1,meg-thomas.png
2,claudette-morel.png
3,jake-park.png
4,nea-karlsson.png
5,laurie-strode.png
6,ace-visconti.png
7,william-bill-overbeck.png
8,feng-min.png
9,david-king.png
10,quentin-smith.png
11,detective-david-tapp.png
12,kate-denson.png
13,adam-francis.png
14,jeffrey-jeff-johansen.png
15,jane-romero.png
16,ashley-j-williams.png
17,nancy-wheeler.png
18,steve-harrington.png
19,yui-kimura.png
20,zarina-kassir.png
21,cheryl-mason.png
22,felix-richter.png
23,elodie-rakoto.png
24,yun-jin-lee.png
25,jill-valentine.png
26,leon-s-kennedy.png
27,mikaela-reid.png
28,jonah-vasquez.png
29,yoichi-asakawa.png
30,haddie-kaur.png
31,ada-wong.png
32,rebecca-chambers.png
33,vittorio-toscano.png
34,thalita-lyra.png
35,renato-lyra.png
36,gabriel-soma.png
37,nicolas-cage.png
38,ellen-ripley.png
39,alan-wake.png
